Hname,Date,Cname,Type
teesting this mother fucker,"Nov 12th, 2018",defaultUser,Week
teesting this mother fucker,"Nov 12th, 2018",defaultUser,Week
teesting this mother fucker,"Nov 12th, 2018",defaultUser,Week
teesting this mother fucker,"Nov 12th, 2018",defaultUser,Week
teesting this mother fucker,"Nov 12th, 2018",defaultUser,Week
teesting this mother fucker,"Nov 12th, 2018",defaultUser,Week
teesting this mother fucker,"Nov 12th, 2018",defaultUser,Week
teesting this mother fucker,"Nov 12th, 2018",defaultUser,Week
teesting this mother fucker,"Nov 12th, 2018",defaultUser,Week
teesting this mother fucker,"Nov 12th, 2018",defaultUser,Week
teesting this mother fucker,"Nov 12th, 2018",defaultUser,Week
teesting this mother fucker,"Nov 12th, 2018",defaultUser,Week
ThisLooksBetter,"Nov 12th, 2018",defaultUser,Week
